CREATE DATABASE ORG1;
SHOW DATABASES;
USE ORG1;

CREATE TABLE Worker (
WORKER_ID INT NOT NULL PRIMARY KEY AUTO_INCREMENT,
FIRST_NAME CHAR(25),
LAST_NAME CHAR(25),
SALARY INT(15),
JOINING_DATE DATETIME,
DEPARTMENT CHAR(25)
);

INSERT INTO Worker 
(WORKER_ID, FIRST_NAME, LAST_NAME, SALARY, JOINING_DATE, 
DEPARTMENT) VALUES
(001, 'Monika', 'Arora', 100000, '14-02-20 
09.00.00', 'HR'),
(002, 'Niharika', 'Verma', 80000, '14-06-11 
09.00.00', 'Admin'),
(003, 'Vishal', 'Singhal', 300000, '14-02-20 
09.00.00', 'HR'),
(004, 'Amitabh', 'Singh', 500000, '14-02-20 
09.00.00', 'Admin'),
(005, 'Vivek', 'Bhati', 500000, '14-06-11 
09.00.00', 'Admin'),
(006, 'Vipul', 'Diwan', 200000, '14-06-11 
09.00.00', 'Account'),
(007, 'Satish', 'Kumar', 75000, '14-01-20 
09.00.00', 'Account'),
(008, 'Geetika', 'Chauhan', 90000, '14-04-11 
09.00.00', 'Admin');

CREATE TABLE Bonus (
WORKER_REF_ID INT,
BONUS_AMOUNT INT(10),
BONUS_DATE DATETIME,
FOREIGN KEY (WORKER_REF_ID)
REFERENCES Worker(WORKER_ID)
 ON DELETE CASCADE
);

INSERT INTO Bonus 
(WORKER_REF_ID, BONUS_AMOUNT, BONUS_DATE) VALUES
(001, 5000, '16-02-20'),
(002, 3000, '16-06-11'),
(003, 4000, '16-02-20'),
(001, 4500, '16-02-20'),
(002, 3500, '16-06-11');
CREATE TABLE Title (
WORKER_REF_ID INT,
WORKER_TITLE CHAR(25),
AFFECTED_FROM DATETIME,
FOREIGN KEY (WORKER_REF_ID)
REFERENCES Worker(WORKER_ID)
 ON DELETE CASCADE
);

INSERT INTO Title 
(WORKER_REF_ID, WORKER_TITLE, AFFECTED_FROM) VALUES
(001, 'Manager', '2016-02-20 00:00:00'),
(002, 'Executive', '2016-06-11 00:00:00'),
(008, 'Executive', '2016-06-11 00:00:00'),
(005, 'Manager', '2016-06-11 00:00:00'),
(004, 'Asst. Manager', '2016-06-11 00:00:00'),
(007, 'Executive', '2016-06-11 00:00:00'),
(006, 'Lead', '2016-06-11 00:00:00'),
(003, 'Lead', '2016-06-11 00:00:00');

//Answers

1.SELECT FIRST_NAME AS WORKER_NAME FROM Worker;

2.SELECT UPPER(FIRST_NAME) AS FIRST_NAME_UPPER FROM Worker;

3.SELECT DISTINCT DEPARTMENT from Worker;

4.SELECT SUBSTRING(FIRST_NAME, 1, 3) AS FIRST_NAME FROM Worker;

5.SELECT LOCATE('a', FIRST_NAME) AS POSITION_OF_A FROM Worker WHERE FIRST_NAME = 'Amitabh';

6.SELECT RTRIM(FIRST_NAME) AS FIRST_NAME FROM Worker;

7.SELECT LTRIM(DEPARTMENT) AS DEPARTMENT FROM Worker;

8.SELECT DISTINCT LENGTH(DEPARTMENT) AS DEPARTMENT FROM Worker;

9.SELECT REPLACE(FIRST_NAME,'a','A') AS FIRST_NAME FROM Worker;

10.SELECT CONCAT(FIRST_NAME, ' ', LAST_NAME) AS COMPLETE_NAME FROM Worker;

11.SELECT * FROM Worker ORDER BY FIRST_NAME ASC;

12.SELECT * FROM Worker ORDER BY FIRST_NAME ASC,DEPARTMENT DESC;

13.SELECT * FROM Worker WHERE FIRST_NAME IN ('Vipul', 'Satish');

14.SELECT * FROM Worker WHERE FIRST_NAME NOT IN ('Vipul', 'Satish');

15.SELECT * FROM Worker WHERE DEPARTMENT='Admin';

16.SELECT * FROM Worker WHERE FIRST_NAME LIKE '%a%';

17.SELECT * FROM Worker WHERE FIRST_NAME LIKE '%a';

18.Select * from Worker where FIRST_NAME LIKE '_____h';

19.SELECT * FROM Worker WHERE SALARY BETWEEN 100000 and 500000;

20.SELECT * FROM Worker WHERE year( JOINING_DATE) = 2014 and month( JOINING_DATE) = 2;

21.SELECT COUNT(*) FROM Worker WHERE DEPARTMENT = 'Admin';

22.SELECT CONCAT(FIRST_NAME, ' ', LAST_NAME),SALARY FROM Worker WHERE SALARY BETWEEN 50000 AND 100000;

23.SELECT DEPARTMENT, count(WORKER_ID) No_Of_Workers FROM worker GROUP BY DEPARTMENT ORDER BY No_Of_Workers DESC;

26.SELECT * FROM Worker WHERE MOD (Worker_id, 2) <> 0; //ODD ROWS

27.SELECT * FROM Worker WHERE MOD (Worker_id, 2) = 0; //EVEN ROWS
